time ms, value
0,0.5403023059
20,-0.6333238470
40,-0.9317180031
60,0.0574904034
80,0.9672490295
